instrument_q,variable,description,universe,question,range,order,description_recode,universe_recode,type_of_variable,crosstab_feature
1,TBIRTH_YEAR,Year of birth,All persons born before 2002,What year were you born? Please enter a number.,1965:22:00,1,Year of birth,TBIRTH_YEAR < 2002,NUMERIC,1
2,EGENDER,Gender,All persons born before 2002,Are you… Select only one answer.,1:02,2,Gender,TBIRTH_YEAR < 2002,QUESTION,1
Recode of 3,RHISPANIC,Hispanic origin,All persons born before 2002,"Are you of Hispanic, Latino, or Spanish origin? - Selected Choice",1:02,3,"Hispanic, Latino, or Spanish origin",TBIRTH_YEAR < 2002,QUESTION,1
Recode of 4,RRACE,Race,All persons born before 2002,What is your race? Please select all that apply. - Selected Choice,1:04,4,Race,TBIRTH_YEAR < 2002,QUESTION,1
5,EEDUC,Educational attainment,All persons born before 2002,What is the highestdegree or level of school you have completed? Selectonly one answer.,1:07,5,Educational attainment,TBIRTH_YEAR < 2002,QUESTION,1
6,MS,Marital status,All persons born before 2002,What is your maritalstatus? Select only one answer.,1:05,6,Marital status,TBIRTH_YEAR < 2002,QUESTION,1
7,THHLD_NUMPER,Total number of people in household,All persons born before 2002,"How many total people – adults and children– currently live in your household, including yourself? Please enter a number.",1:40,7,Total number of people in household,TBIRTH_YEAR < 2002,NUMERIC,0
8,THHLD_NUMKID,Total number of people under 18-years-old in household,All persons born before 2002,How many people under 18 years-old currently live inyour household? Pleaseenter a number.,0:40,8,Total number of people under 18-years-old in household,TBIRTH_YEAR < 2002,NUMERIC,0
Recode of 7 and 8,THHLD_NUMADLT,Recode for the number of Adults in the household,All persons born before 2002,<Recode for the number of Adults in the household>,1:40,9,Number of adults in the household,TBIRTH_YEAR < 2002,NUMERIC,0
9,WRKLOSS,Recent household job loss,All persons born before 2002,"Have you, or has anyone in your household experienced a loss of employment income since March 13, 2020? Select onlyone answer.",1:02,10,"Household experienced a loss of income since March 13, 2020",TBIRTH_YEAR < 2002,QUESTION,0
10,EXPCTLOSS,Expected household job loss,All persons born before 2002,Do you expect that you or anyone in your household will experience a loss of employment income in the next 4 weeks because of the coronavirus pandemic? Select only one answer.,"1,2",11,Expect loss of household income in the next 4 weeks because of the pandemic,TBIRTH_YEAR < 2002,QUESTION,0
11,ANYWORK,Employment status for last 7 days,All persons born before 2002,"Now we are going to ask about your employment.In the last 7 days, did you do ANY work for either pay or profit? Select only one answer.","1,2",12,Worked for either pay or profit in the last 7 days,TBIRTH_YEAR < 2002,QUESTION,0
12,KINDWORK,Sector of employment,ANYWORK = 1,"Are you employed by government, by a private company, a nonprofit organization or were you self-employed or working in a family business? Select only one answer.",1:05,13,Type of employer,TBIRTH_YEAR < 2002 and ANYWORK = 1,QUESTION,0
13,RSNNOWRK,Main reason for not working for pay or profit,ANYWORK = 2,What is your main reason for not working for pay or profit?Select only one answer. - Selected Choice,1:13,14,Main reason for not working for pay or profit,TBIRTH_YEAR < 2002 and ANYWORK = 2,QUESTION,0
13a,TW_START,Teleworking start due to COVID,All persons born before 2002,"Working from home is sometimes referred to as telework. Did any adults in this household substitute some or all of their typical in-person work for telework because of the coronavirus pandemic, including yourself? Select only one answer.",1:03,15,Did adults in household telework because of pandemic,TBIRTH_YEAR < 2002,QUESTION,0
14,UNEMPPAY,Are you receiving pay for time not working,ANYWORK = 2,Are you receiving pay for the time you are not working? Select only one answer.,1:04,16,Received pay for the time not working,TBIRTH_YEAR < 2002 and ANYWORK = 2,QUESTION,0
14a,UI_APPLY,UI Applied,All persons born before 2002,"Since March 13, 2020, have you applied for Unemployment Insurance (UI) benefits? Select only one answer.","1,2",17,"Applied for Unemployment Insurance (UI) benefits since March 13, 2020",TBIRTH_YEAR < 2002,QUESTION,0
14b,UI_RECV,UI Receive,All persons born before 2002,"Since March 13, 2020, did you receive Unemployment Insurance (UI) benefits? Select only one answer.","1,2",18,"Received Unemployment Insurance (UI) benefits since March 13, 2020",TBIRTH_YEAR < 2002,QUESTION,0
14c,TUI_NUMPER,UI How many,Ask Q14c if # adults in household >1. This can be calculated using embedded data= Q7 – Q8 All persons born before 2002,"Including yourself, how many people in your household received Unemployment Insurance (UI) benefits since March 13, 2020? Please enter a number.",1:40,19,"Number of people in household that received Unemployment Insurance (UI) benefits since March 13, 2020",TBIRTH_YEAR < 2002 and THHLD_NUMADLT > 1,NUMERIC,0
14d,SSA_RECV,SSA Receive,All persons born before 2002,"Do you currently receive Social Security benefits (Retirement, Disability, or Survivors), Supplemental Security Income (SSI) benefits, or Medicare benefits? Select only one answer.","1,2",20,"Receives Social Security, Supplemental Security Income, or Medicare",TBIRTH_YEAR < 2002,QUESTION,0
14e,SSA_APPLY,SSA Programs Applied,All persons born before 2002,"Did you apply or attempt to apply for Social Security benefits (Retirement, Disability, or Survivors), Supplemental Security Income (SSI) benefits, or Medicare benefits after March 13, 2020? Select only one answer. benefits, or Medicare benefits after March 13, 2020? Select only one answer.","1,2",21,"Apply or attempt to apply for Social Security, Supplemental Security Income, or Medicare after March 13, 2020",TBIRTH_YEAR < 2002,QUESTION,0
14f,SSAPGM1,Social Security Programs Applied for,Ask Q14f if Q14e = 1,"What type of benefits did you apply or attempt to apply for since March 13, 2020? Select all that apply.","<blank>,1",22,"Type of benefits did you apply or attempt to apply for since March 13, 2020",TBIRTH_YEAR < 2002 and SSA_APPLY = 1,QUESTION,0
14f,SSAPGM2,Social Security Programs Applied for,Ask Q14f if Q14e = 1,"What type of benefits did you apply or attempt to apply for since March 13, 2020? Select all that apply.","<blank>,1",23,"Type of benefits did you apply or attempt to apply for since March 13, 2020",TBIRTH_YEAR < 2002 and SSA_APPLY = 1,QUESTION,0
14f,SSAPGM3,Social Security Programs Applied for,Ask Q14f if Q14e = 1,"What type of benefits did you apply or attempt to apply for since March 13, 2020? Select all that apply.","<blank>,1",24,"Type of benefits did you apply or attempt to apply for since March 13, 2020",TBIRTH_YEAR < 2002 and SSA_APPLY = 1,QUESTION,0
14f,SSAPGM4,Social Security Programs Applied for,Ask Q14f if Q14e = 1,"What type of benefits did you apply or attempt to apply for since March 13, 2020? Select all that apply.","<blank>,1",25,"Type of benefits did you apply or attempt to apply for since March 13, 2020",TBIRTH_YEAR < 2002 and SSA_APPLY = 1,QUESTION,0
14f,SSAPGM5,Social Security Programs Applied for,Ask Q14f if Q14e = 1,"What type of benefits did you apply or attempt to apply for since March 13, 2020? Select all that apply.","<blank>,1",26,"Type of benefits did you apply or attempt to apply for since March 13, 2020",TBIRTH_YEAR < 2002 and SSA_APPLY = 1,QUESTION,0
14g,SSALIKELY,SSA Likely Applied,Ask Q14g if Q14e = 2,"How likely are you to apply for Social Security benefits (Retirement, Disability, or Survivors), Supplemental Security Income (SSI) benefits, or Medicare benefits in the next 12 months? Select only one answer.",1:04,27,"Likelihood to apply for Social Security, Supplemental Security Income, or Medicare in the next 12 months",TBIRTH_YEAR < 2002 and SSA_APPLY = 2,QUESTION,0
14h,SSAEXPCT1,Social Security Programs Expected to Apply for,"Ask Q14h if Q14g in (1,2,3)",What type of benefits do you think that you will apply for? Select all that apply.,"<blank>,1",28,Type of benefits expected to apply for,"TBIRTH_YEAR < 2002 and SSA_APPLY = 2 and SSALIKELY in (1,2,3)",QUESTION,0
14h,SSAEXPCT2,Social Security Programs Expected to Apply for,"Ask Q14h if Q14g in (1,2,3)",What type of benefits do you think that you will apply for? Select all that apply.,"<blank>,1",29,Type of benefits expected to apply for,"TBIRTH_YEAR < 2002 and SSA_APPLY = 2 and SSALIKELY in (1,2,3)",QUESTION,0
14h,SSAEXPCT3,Social Security Programs Expected to Apply for,"Ask Q14h if Q14g in (1,2,3)",What type of benefits do you think that you will apply for? Select all that apply.,"<blank>,1",30,Type of benefits expected to apply for,"TBIRTH_YEAR < 2002 and SSA_APPLY = 2 and SSALIKELY in (1,2,3)",QUESTION,0
14h,SSAEXPCT4,Social Security Programs Expected to Apply for,"Ask Q14h if Q14g in (1,2,3)",What type of benefits do you think that you will apply for? Select all that apply.,"<blank>,1",31,Type of benefits expected to apply for,"TBIRTH_YEAR < 2002 and SSA_APPLY = 2 and SSALIKELY in (1,2,3)",QUESTION,0
14h,SSAEXPCT5,Social Security Programs Expected to Apply for,"Ask Q14h if Q14g in (1,2,3)",What type of benefits do you think that you will apply for? Select all that apply.,"<blank>,1",32,Type of benefits expected to apply for,"TBIRTH_YEAR < 2002 and SSA_APPLY = 2 and SSALIKELY in (1,2,3)",QUESTION,0
14i,SSADECISN,SSA Application Decision Impact,"Ask Q14i if Q14g in (1,2,3,4,-99)","How has the coronavirus pandemic affected your decision about applying or not applying for Social Security benefits (Retirement, Disability, or Survivors), Supplemental Security Income (SSI) benefits, or Medicare benefits? Select only one answer.",1:04,33,"Impact of pandemic on decision to apply for Social Security, Supplemental Security Income, or Medicare","TBIRTH_YEAR < 2002 and SSA_APPLY = 2 and SSALIKELY in (1,2,3,4,-99)",QUESTION,0
19a,EXPNS_DIF,Difficulty with expenses,All persons born before 2002,"In the last 7 days, how difficult has it been for your household to pay for usual household expenses, including but not limited to food, rent or mortgage, car payments, medical expenses, student loans, and so on? Select only one answer.",1:04,34,Difficulty of household paying for usual household expenses in the last 7 days,TBIRTH_YEAR < 2002,QUESTION,0
19b,CHNGHOW1,How did spending or shopping change,All persons born before 2002,"In the last 7 days, which of the following changes have you or your household made to your spending or shopping? Select all that apply.","<blank>,1",35,Changes to household spending or shopping in the last 7 days,TBIRTH_YEAR < 2002,QUESTION,0
19b,CHNGHOW2,How did spending or shopping change,All persons born before 2002,"In the last 7 days, which of the following changes have you or your household made to your spending or shopping? Select all that apply.","<blank>,1",36,Changes to household spending or shopping in the last 7 days,TBIRTH_YEAR < 2002,QUESTION,0
19b,CHNGHOW3,How did spending or shopping change,All persons born before 2002,"In the last 7 days, which of the following changes have you or your household made to your spending or shopping? Select all that apply.","<blank>,1",37,Changes to household spending or shopping in the last 7 days,TBIRTH_YEAR < 2002,QUESTION,0
19b,CHNGHOW4,How did spending or shopping change,All persons born before 2002,"In the last 7 days, which of the following changes have you or your household made to your spending or shopping? Select all that apply.","<blank>,1",38,Changes to household spending or shopping in the last 7 days,TBIRTH_YEAR < 2002,QUESTION,0
19b,CHNGHOW5,How did spending or shopping change,All persons born before 2002,"In the last 7 days, which of the following changes have you or your household made to your spending or shopping? Select all that apply.","<blank>,1",39,Changes to household spending or shopping in the last 7 days,TBIRTH_YEAR < 2002,QUESTION,0
19b,CHNGHOW6,How did spending or shopping change,All persons born before 2002,"In the last 7 days, which of the following changes have you or your household made to your spending or shopping? Select all that apply.","<blank>,1",40,Changes to household spending or shopping in the last 7 days,TBIRTH_YEAR < 2002,QUESTION,0
19b,CHNGHOW7,How did spending or shopping change,All persons born before 2002,"In the last 7 days, which of the following changes have you or your household made to your spending or shopping? Select all that apply.","<blank>,1",41,Changes to household spending or shopping in the last 7 days,TBIRTH_YEAR < 2002,QUESTION,0
19b,CHNGHOW8,How did spending or shopping change,All persons born before 2002,"In the last 7 days, which of the following changes have you or your household made to your spending or shopping? Select all that apply.","<blank>,1",42,Changes to household spending or shopping in the last 7 days,TBIRTH_YEAR < 2002,QUESTION,0
19b,CHNGHOW9,How did spending or shopping change,All persons born before 2002,"In the last 7 days, which of the following changes have you or your household made to your spending or shopping? Select all that apply.","<blank>,1",43,Changes to household spending or shopping in the last 7 days,TBIRTH_YEAR < 2002,QUESTION,0
19b,CHNGHOW10,How did spending or shopping change,All persons born before 2002,"In the last 7 days, which of the following changes have you or your household made to your spending or shopping? Select all that apply.","<blank>,1",44,Changes to household spending or shopping in the last 7 days,TBIRTH_YEAR < 2002,QUESTION,0
19b,CHNGHOW11,How did spending or shopping change,All persons born before 2002,"In the last 7 days, which of the following changes have you or your household made to your spending or shopping? Select all that apply.","<blank>,1",45,Changes to household spending or shopping in the last 7 days,TBIRTH_YEAR < 2002,QUESTION,0
19b,CHNGHOW12,How did spending or shopping change,All persons born before 2002,"In the last 7 days, which of the following changes have you or your household made to your spending or shopping? Select all that apply.","<blank>,1",46,Changes to household spending or shopping in the last 7 days,TBIRTH_YEAR < 2002,QUESTION,0
19c,WHYCHNGD1,Why did household spending change,All persons born before 2002,"In the last 7 days, for which of the following reasons have you or your household changed spending? Select all that apply.","<blank>,1",47,Reasons why household changed spending in the last 7 days,TBIRTH_YEAR < 2002,QUESTION,0
19c,WHYCHNGD2,Why did household spending change,All persons born before 2002,"In the last 7 days, for which of the following reasons have you or your household changed spending? Select all that apply.","<blank>,1",48,Reasons why household changed spending in the last 7 days,TBIRTH_YEAR < 2002,QUESTION,0
19c,WHYCHNGD3,Why did household spending change,All persons born before 2002,"In the last 7 days, for which of the following reasons have you or your household changed spending? Select all that apply.","<blank>,1",49,Reasons why household changed spending in the last 7 days,TBIRTH_YEAR < 2002,QUESTION,0
19c,WHYCHNGD4,Why did household spending change,All persons born before 2002,"In the last 7 days, for which of the following reasons have you or your household changed spending? Select all that apply.","<blank>,1",50,Reasons why household changed spending in the last 7 days,TBIRTH_YEAR < 2002,QUESTION,0
19c,WHYCHNGD5,Why did household spending change,All persons born before 2002,"In the last 7 days, for which of the following reasons have you or your household changed spending? Select all that apply.","<blank>,1",51,Reasons why household changed spending in the last 7 days,TBIRTH_YEAR < 2002,QUESTION,0
19c,WHYCHNGD6,Why did household spending change,All persons born before 2002,"In the last 7 days, for which of the following reasons have you or your household changed spending? Select all that apply.","<blank>,1",52,Reasons why household changed spending in the last 7 days,TBIRTH_YEAR < 2002,QUESTION,0
19c,WHYCHNGD7,Why did household spending change,All persons born before 2002,"In the last 7 days, for which of the following reasons have you or your household changed spending? Select all that apply.","<blank>,1",53,Reasons why household changed spending in the last 7 days,TBIRTH_YEAR < 2002,QUESTION,0
19c,WHYCHNGD8,Why did household spending change,All persons born before 2002,"In the last 7 days, for which of the following reasons have you or your household changed spending? Select all that apply.","<blank>,1",54,Reasons why household changed spending in the last 7 days,TBIRTH_YEAR < 2002,QUESTION,0
19c,WHYCHNGD9,Why did household spending change,All persons born before 2002,"In the last 7 days, for which of the following reasons have you or your household changed spending? Select all that apply.","<blank>,1",55,Reasons why household changed spending in the last 7 days,TBIRTH_YEAR < 2002,QUESTION,0
19c,WHYCHNGD10,Why did household spending change,All persons born before 2002,"In the last 7 days, for which of the following reasons have you or your household changed spending? Select all that apply.","<blank>,1",56,Reasons why household changed spending in the last 7 days,TBIRTH_YEAR < 2002,QUESTION,0
19c,WHYCHNGD11,Why did household spending change,All persons born before 2002,"In the last 7 days, for which of the following reasons have you or your household changed spending? Select all that apply.","<blank>,1",57,Reasons why household changed spending in the last 7 days,TBIRTH_YEAR < 2002,QUESTION,0
19c,WHYCHNGD12,Why did household spending change,All persons born before 2002,"In the last 7 days, for which of the following reasons have you or your household changed spending? Select all that apply.","<blank>,1",58,Reasons why household changed spending in the last 7 days,TBIRTH_YEAR < 2002,QUESTION,0
19c,WHYCHNGD13,Why did household spending change,All persons born before 2002,"In the last 7 days, for which of the following reasons have you or your household changed spending? Select all that apply.","<blank>,1",59,Reasons why household changed spending in the last 7 days,TBIRTH_YEAR < 2002,QUESTION,0
20,SPNDSRC1,Sources of income and funds for spending needs,All persons born before 2002,"Thinking about your experience in the last 7 days, which of the following did you or your household members use to meet your spending needs? Select all that apply.","<blank>,1",60,Sources of income and funds for housheold spending needs in the last 7 days,TBIRTH_YEAR < 2002,QUESTION,0
20,SPNDSRC2,Sources of income and funds for spending needs,All persons born before 2002,"Thinking about your experience in the last 7 days, which of the following did you or your household members use to meet your spending needs? Select all that apply.","<blank>,1",61,Sources of income and funds for housheold spending needs in the last 7 days,TBIRTH_YEAR < 2002,QUESTION,0
20,SPNDSRC3,Sources of income and funds for spending needs,All persons born before 2002,"Thinking about your experience in the last 7 days, which of the following did you or your household members use to meet your spending needs? Select all that apply.","<blank>,1",62,Sources of income and funds for housheold spending needs in the last 7 days,TBIRTH_YEAR < 2002,QUESTION,0
20,SPNDSRC4,Sources of income and funds for spending needs,All persons born before 2002,"Thinking about your experience in the last 7 days, which of the following did you or your household members use to meet your spending needs? Select all that apply.","<blank>,1",63,Sources of income and funds for housheold spending needs in the last 7 days,TBIRTH_YEAR < 2002,QUESTION,0
20,SPNDSRC5,Sources of income and funds for spending needs,All persons born before 2002,"Thinking about your experience in the last 7 days, which of the following did you or your household members use to meet your spending needs? Select all that apply.","<blank>,1",64,Sources of income and funds for housheold spending needs in the last 7 days,TBIRTH_YEAR < 2002,QUESTION,0
20,SPNDSRC6,Sources of income and funds for spending needs,All persons born before 2002,"Thinking about your experience in the last 7 days, which of the following did you or your household members use to meet your spending needs? Select all that apply.","<blank>,1",65,Sources of income and funds for housheold spending needs in the last 7 days,TBIRTH_YEAR < 2002,QUESTION,0
20,SPNDSRC7,Sources of income and funds for spending needs,All persons born before 2002,"Thinking about your experience in the last 7 days, which of the following did you or your household members use to meet your spending needs? Select all that apply.","<blank>,1",66,Sources of income and funds for housheold spending needs in the last 7 days,TBIRTH_YEAR < 2002,QUESTION,0
20,SPNDSRC8,Sources of income and funds for spending needs,All persons born before 2002,"Thinking about your experience in the last 7 days, which of the following did you or your household members use to meet your spending needs? Select all that apply.","<blank>,1",67,Sources of income and funds for housheold spending needs in the last 7 days,TBIRTH_YEAR < 2002,QUESTION,0
21a,FEWRTRIPS,Fewer trips to stores,All persons born before 2002,"In the last 7 days, have you taken fewer trips to stores than you normally would have because of the coronavirus pandemic? Curbside pick-up should be counted as trips to stores. Select only one answer.","1,2",68,Fewer trips to stores in the last 7 days than normal before pandemic,TBIRTH_YEAR < 2002,QUESTION,0
21b,FEWRTRANS,Fewer trips transit,All persons born before 2002,"In the last 7 days, have you taken fewer trips than you normally would have by bus, rail, or ride-sharing services, like Uber and Lyft, because of the coronavirus pandemic? Select only one answer.",1:03,69,"Fewer trips by bus, rail, or ride-sharing because of pandemic in the last 7 days",TBIRTH_YEAR < 2002,QUESTION,0
21c,PLNDTRIPS,Planned trips,All persons born before 2002,"Before the coronavirus pandemic, did you plan to take any overnight trips or trips to places more than 100 miles away in 2020? Include trips you had not made travel reservations or arrangements for in your answer. Select only one answer.","1,2",70,Plans for overnight trips or trips to places more than 100 miles away in 2020 before the pandemic,TBIRTH_YEAR < 2002,QUESTION,0
21d,CNCLDTRPS,Canceled planned trips,Ask Q21d if Q21c = 1,Were any of these trips canceled because of the coronavirus pandemic? Include trips you had not made travel reservations or arrangements for in your answer. Select only one answer.,"1,2",71,Canceled planned trips because of the pandemic,TBIRTH_YEAR < 2002 and PLNDTRIPS = 1,QUESTION,0
23,PRIFOODSUF,"Food Sufficiency prior to March 13, 2020",All persons born before 2002,"Getting enough food can also be a problem for some people. Which of these statements best describes the food eaten in your household before March 13, 2020? Select only one answer.",1:04,72,"Household food sufficiency prior to March 13, 2020",TBIRTH_YEAR < 2002,QUESTION,0
24,CURFOODSUF,Household food sufficiency for last 7 days,All persons born before 2002,"In the last 7 days,which of these statements best describes the food eaten in your household? Select only one answer.",1:04,73,Household food sufficiency for last 7 days,TBIRTH_YEAR < 2002,QUESTION,0
24a,CHILDFOOD,Children not eating enough because we couldn't afford enough food,If Q24 = 2; Or Q24 = 3; Or Q24 = 4 Number under 18 > 0,"Please indicate whether the next statement was often true, sometimes true, or never true in the last 7 days for the children living in your household who are under 18 years old. ""The children were not eating enough because we just couldn't afford enough food.""",1:03,74,Whether children are not eating enough because household couldn't afford it in the last 7 days,"TBIRTH_YEAR < 2002 and CURFOODSUF in (2,3,4) and THHLD_NUMKID > 0",QUESTION,0
25,FOODSUFRSN1,Why did you not have enough to eat? Couldn't afford to buy more food,CURFOODSUF IN 2:4,Why did you not have enough to eat(or not what you wanted to eat)? Choose all thatapply. - Couldn’t afford to buy more food,"<blank>,1",75,Reason for not having enough to eat in the last 7 days,"TBIRTH_YEAR < 2002 and CURFOODSUF in (2,3,4)",QUESTION,0
25,FOODSUFRSN2,"Why did you not have enough to eat? Couldn’t get out to buy food (for example, didn’t have transportation, or had mobility or health problems that prevented you from getting out)",CURFOODSUF IN 2:4,"Why did you not have enough to eat(or not what you wanted to eat)? Choose all thatapply. - Couldn’t get out to buy food (for example, didn’t have transportation, or had mobility or health problems that prevented you from getting out)","<blank>,1",76,Reason for not having enough to eat in the last 7 days,"TBIRTH_YEAR < 2002 and CURFOODSUF in (2,3,4)",QUESTION,0
25,FOODSUFRSN3,Why did you not have enough to eat? Afraid to go or didn’t want to go out to buy food,CURFOODSUF IN 2:4,Why did you not have enough to eat(or not what you wanted to eat)? Choose all thatapply. - Afraid to go or didn’t want to go out to buy food,"<blank>,1",77,Reason for not having enough to eat in the last 7 days,"TBIRTH_YEAR < 2002 and CURFOODSUF in (2,3,4)",QUESTION,0
25,FOODSUFRSN4,Why did you not have enough to eat? Couldn’t get groceries or meals delivered to me,CURFOODSUF IN 2:4,Why did you not have enough to eat(or not what you wanted to eat)? Choose all thatapply. - Couldn’t get groceries or meals delivered to me,"<blank>,1",78,Reason for not having enough to eat in the last 7 days,"TBIRTH_YEAR < 2002 and CURFOODSUF in (2,3,4)",QUESTION,0
25,FOODSUFRSN5,Why did you not have enough to eat? The stores didn’t have the food I wanted,CURFOODSUF IN 2:4,Why did you not have enough to eat(or not what you wanted to eat)? Choose all thatapply. - The stores didn’t have the food I wanted,"<blank>,1",79,Reason for not having enough to eat in the last 7 days,"TBIRTH_YEAR < 2002 and CURFOODSUF in (2,3,4)",QUESTION,0
26,FREEFOOD,"During the last 7 days, did you or anyone in your household get free groceries or a free meal?",All persons born before 2002,"During the last 7 days, did you or anyone in your household get free groceries or a free meal?","1,2",80,Household get free groceries or a free meal in the last 7 days,TBIRTH_YEAR < 2002,QUESTION,0
27,WHEREFREE1,Where did you get free groceries or freemeals? Free meals through the school or other programs aimed at children,FREEFOOD = 1,Where did you get free groceries or freemeals? Choose all that apply. - Free meals through the school or other programs aimed at children,"<blank>,1",81,Source of free groceries or freemeals in the last 7 days,TBIRTH_YEAR < 2002 and FREEFOOD = 1,QUESTION,0
27,WHEREFREE2,Where did you get free groceries or freemeals? Food pantry or food bank,FREEFOOD = 1,Where did you get free groceries or freemeals? Choose all that apply. - Food pantry or food bank,"<blank>,1",82,Source of free groceries or freemeals in the last 7 days,TBIRTH_YEAR < 2002 and FREEFOOD = 1,QUESTION,0
27,WHEREFREE3,Where did you get free groceries or freemeals? Home-delivered meal service like Meals on Wheels,FREEFOOD = 1,Where did you get free groceries or freemeals? Choose all that apply. - Home-delivered meal service like Meals on Wheels,"<blank>,1",83,Source of free groceries or freemeals in the last 7 days,TBIRTH_YEAR < 2002 and FREEFOOD = 1,QUESTION,0
27,WHEREFREE4,"Where did you get free groceries or freemeals? Church, synagogue, temple, mosque or other religious organization",FREEFOOD = 1,"Where did you get free groceries or freemeals? Choose all that apply. - Church, synagogue, temple, mosque or other religious organization","<blank>,1",84,Source of free groceries or freemeals in the last 7 days,TBIRTH_YEAR < 2002 and FREEFOOD = 1,QUESTION,0
27,WHEREFREE5,Where did you get free groceries or freemeals? Shelter or soup kitchen,FREEFOOD = 1,Where did you get free groceries or freemeals? Choose all that apply. - Shelter or soup kitchen,"<blank>,1",85,Source of free groceries or freemeals in the last 7 days,TBIRTH_YEAR < 2002 and FREEFOOD = 1,QUESTION,0
27,WHEREFREE6,Where did you get free groceries or freemeals? Other community program,FREEFOOD = 1,Where did you get free groceries or freemeals? Choose all that apply. - Other community program,"<blank>,1",86,Source of free groceries or freemeals in the last 7 days,TBIRTH_YEAR < 2002 and FREEFOOD = 1,QUESTION,0
27,WHEREFREE7,"Where did you get free groceries or freemeals? Family, friends, or neighbors",FREEFOOD = 1,"Where did you get free groceries or freemeals? Choose all that apply. - Family, friends, or neighbors","<blank>,1",87,Source of free groceries or freemeals in the last 7 days,TBIRTH_YEAR < 2002 and FREEFOOD = 1,QUESTION,0
27a,SNAP_YN,SNAP Receipt,All persons born before 2002,Do you or does anyone in your household receive benefits from the Supplemental Nutrition Assistance Program (SNAP) or the Food Stamp Program? Select only one answer.,"1,2",88,Household receives SNAP or food stamp benefits,TBIRTH_YEAR < 2002,QUESTION,0
27b,SNAPMNTH1,Months in 2020 for SNAP Receipt,Display Q27b if Q27a = 1,In which month(s) were SNAP or food stamp benefits received? Select all that apply.,"<blank>,1",89,Months in 2020 that household received SNAP or food stamp benefits,TBIRTH_YEAR < 2002 and SNAP_YN = 1,QUESTION,0
27b,SNAPMNTH2,Months in 2020 for SNAP Receipt,Display Q27b if Q27a = 1,In which month(s) were SNAP or food stamp benefits received? Select all that apply.,"<blank>,1",90,Months in 2020 that household received SNAP or food stamp benefits,TBIRTH_YEAR < 2002 and SNAP_YN = 1,QUESTION,0
27b,SNAPMNTH3,Months in 2020 for SNAP Receipt,Display Q27b if Q27a = 1,In which month(s) were SNAP or food stamp benefits received? Select all that apply.,"<blank>,1",91,Months in 2020 that household received SNAP or food stamp benefits,TBIRTH_YEAR < 2002 and SNAP_YN = 1,QUESTION,0
27b,SNAPMNTH4,Months in 2020 for SNAP Receipt,Display Q27b if Q27a = 1,In which month(s) were SNAP or food stamp benefits received? Select all that apply.,"<blank>,1",92,Months in 2020 that household received SNAP or food stamp benefits,TBIRTH_YEAR < 2002 and SNAP_YN = 1,QUESTION,0
27b,SNAPMNTH5,Months in 2020 for SNAP Receipt,Display Q27b if Q27a = 1,In which month(s) were SNAP or food stamp benefits received? Select all that apply.,"<blank>,1",93,Months in 2020 that household received SNAP or food stamp benefits,TBIRTH_YEAR < 2002 and SNAP_YN = 1,QUESTION,0
27b,SNAPMNTH6,Months in 2020 for SNAP Receipt,Display Q27b if Q27a = 1,In which month(s) were SNAP or food stamp benefits received? Select all that apply.,"<blank>,1",94,Months in 2020 that household received SNAP or food stamp benefits,TBIRTH_YEAR < 2002 and SNAP_YN = 1,QUESTION,0
27b,SNAPMNTH7,Months in 2020 for SNAP Receipt,Display Q27b if Q27a = 1,In which month(s) were SNAP or food stamp benefits received? Select all that apply.,"<blank>,1",95,Months in 2020 that household received SNAP or food stamp benefits,TBIRTH_YEAR < 2002 and SNAP_YN = 1,QUESTION,0
27b,SNAPMNTH8,Months in 2020 for SNAP Receipt,Display Q27b if Q27a = 1,In which month(s) were SNAP or food stamp benefits received? Select all that apply.,"<blank>,1",96,Months in 2020 that household received SNAP or food stamp benefits,TBIRTH_YEAR < 2002 and SNAP_YN = 1,QUESTION,0
27b,SNAPMNTH9,Months in 2020 for SNAP Receipt,Display Q27b if Q27a = 1 and MONTH of INTERVIEW is >= SEPTEMBER,In which month(s) were SNAP or food stamp benefits received? Select all that apply.,"<blank>,1",97,Months in 2020 that household received SNAP or food stamp benefits,TBIRTH_YEAR < 2002 and SNAP_YN = 1 and MONTH of INTERVIEW is >= SEPTEMBER,QUESTION,0
27b,SNAPMNTH10,Months in 2020 for SNAP Receipt,Display Q27b if Q27a = 1 and MONTH of INTERVIEW is >= OCTOBER,In which month(s) were SNAP or food stamp benefits received? Select all that apply.,"<blank>,1",98,Months in 2020 that household received SNAP or food stamp benefits,TBIRTH_YEAR < 2002 and SNAP_YN = 1 and MONTH of INTERVIEW is >= OCTOBER,QUESTION,0
27b,SNAPMNTH11,Months in 2020 for SNAP Receipt,Display Q27b if Q27a = 1 and MONTH of INTERVIEW is >= NOVEMBER,In which month(s) were SNAP or food stamp benefits received? Select all that apply.,"<blank>,1",99,Months in 2020 that household received SNAP or food stamp benefits,TBIRTH_YEAR < 2002 and SNAP_YN = 1 and MONTH of INTERVIEW is >= NOVEMBER,QUESTION,0
27b,SNAPMNTH12,Months in 2020 for SNAP Receipt,Display Q27b if Q27a = 1 and MONTH of INTERVIEW is >= DECEMBER,In which month(s) were SNAP or food stamp benefits received? Select all that apply.,"<blank>,1",100,Months in 2020 that household received SNAP or food stamp benefits,TBIRTH_YEAR < 2002 and SNAP_YN = 1 and MONTH of INTERVIEW is >= DECEMBER,QUESTION,0
28,TSPNDFOOD,Household money spent in last 7 days on food to be prepared and eaten at home,All persons born before 2002,"During the last 7 days, how muchmoney did you and your household spend on food at supermarkets, grocery stores,online, and other places you buy food to prepare and eat at home? Pleaseinclude purchases made with SNAP or food stamps. Enteramount.",$0-$900,101,Household money spent in last 7 days on food to be prepared and eaten at home,TBIRTH_YEAR < 2002,NUMERIC,0
29,TSPNDPRPD,Household money spent in last 7 days on prepared meals,All persons born before 2002,"Duringthe last 7 days, how much money didyou or your household spend on prepared meals, including eating out, fast food,and carry out or delivered meals? Please include money spent in cafeterias atwork or at school or on vending machines. Please do not include money you havealready told us about in item Q28(above). Enteramount.",$0-$500,102,Household money spent in last 7 days on prepared meals,TBIRTH_YEAR < 2002,NUMERIC,0
30,FOODCONF,Food sufficiency confidence in next four weeks,TBD,How confident are you that your household will be able to afford the kinds of foodyou need for the next four weeks? Select only one answer.,1:04,103,Food sufficiency confidence in next four weeks,All persons,QUESTION,0
31,HLTHSTATUS,General health status,All persons born before 2002,"Would you say your health in general is excellent, very good, good,fair, or poor? Select only one answer.",1:05,104,General health status,TBIRTH_YEAR < 2002,QUESTION,0
32,ANXIOUS,Frequency of anxiety over previous 7 days,All persons born before 2002,"Overthe last 7days, how often have you been bothered by the following problems ... Feelingnervous, anxious, or on edge? Would you say not at all, several days, more thanhalf the days, or nearly every day? Select only one answer.",1:04,105,Frequency of anxiety over previous 7 days,TBIRTH_YEAR < 2002,QUESTION,0
33,WORRY,Frequency of worry over previous 7 days,All persons born before 2002,"Over the last 7 days, how often have you been bothered by the following problems ... Not beingable to stop or control worrying? Would you say not at all, several days, morethan half the days, or nearly every day? Select only one answer.",1:04,106,Frequency of worry over previous 7 days,TBIRTH_YEAR < 2002,QUESTION,0
34,INTEREST,Frequency of having little interest in things over previous 7 days,All persons born before 2002,"Overthe last 7 days, how often have you been bothered by ... having little interest orpleasure in doing things? Would you say not at all, several days, more thanhalf the days, or nearly every day? Select only one answer.",1:04,107,Frequency of having little interest in things over previous 7 days,TBIRTH_YEAR < 2002,QUESTION,0
35,DOWN,Frequency of feeling depressed over previous 7 days,All persons born before 2002,"Overthe last 7 days, how often have you been bothered by ... feeling down, depressed, orhopeless? Would you say not at all, several days, more than half the days, ornearly every day? Select only one answer.",1:04,108,Frequency of feeling depressed over previous 7 days,TBIRTH_YEAR < 2002,QUESTION,0
36,HLTHINS1,Health Insurance Coverage- Insurance through a current or former employer or union (through yourself or another family member),All persons born before 2002,Are you currently covered by any of the following types of healthinsurance or health coverage plans? Mark Yes or No for each. - Insurance through a current or former employer or union (through yourself or another family member),"<blank>,1,2",109,Type of health insurance or health coverage plan,TBIRTH_YEAR < 2002,QUESTION,0
36,HLTHINS2,"Health Insurance Coverage- Insurance purchased directly from an insurance company, including marketplace coverage (through yourself or another family member)",All persons born before 2002,"Are you currently covered by any of the following types of healthinsurance or health coverage plans? Mark Yes or No for each. - Insurance purchased directly from an insurance company, including marketplace coverage (through yourself or another family member)","<blank>,1,2",110,Type of health insurance or health coverage plan,TBIRTH_YEAR < 2002,QUESTION,0
36,HLTHINS3,"Health Insurance Coverage- Medicare, for people 65 and older, or people with certain disabilities",All persons born before 2002,"Are you currently covered by any of the following types of healthinsurance or health coverage plans? Mark Yes or No for each. - Medicare, for people 65 and older, or people with certain disabilities","<blank>,1,2",111,Type of health insurance or health coverage plan,TBIRTH_YEAR < 2002,QUESTION,0
36,HLTHINS4,"Health Insurance Coverage- Medicaid, Medical Assistance, or any kind of government-assistance plan for those with low incomes or a disability",All persons born before 2002,"Are you currently covered by any of the following types of healthinsurance or health coverage plans? Mark Yes or No for each. - Medicaid, Medical Assistance, or any kind of government-assistance plan for those with low incomes or a disability","<blank>,1,2",112,Type of health insurance or health coverage plan,TBIRTH_YEAR < 2002,QUESTION,0
36,HLTHINS5,Health Insurance Coverage- TRICARE or other military health care,All persons born before 2002,Are you currently covered by any of the following types of healthinsurance or health coverage plans? Mark Yes or No for each. - TRICARE or other military health care,"<blank>,1,2",113,Type of health insurance or health coverage plan,TBIRTH_YEAR < 2002,QUESTION,0
36,HLTHINS6,Health Insurance Coverage- VA (including those who have ever used or enrolled for VA health care),All persons born before 2002,Are you currently covered by any of the following types of healthinsurance or health coverage plans? Mark Yes or No for each. - VA (including those who have ever used or enrolled for VA health care),"<blank>,1,2",114,Type of health insurance or health coverage plan,TBIRTH_YEAR < 2002,QUESTION,0
36,HLTHINS7,Health Insurance Coverage- Indian Health Service,All persons born before 2002,Are you currently covered by any of the following types of healthinsurance or health coverage plans? Mark Yes or No for each. - Indian Health Service,"<blank>,1,2",115,Type of health insurance or health coverage plan,TBIRTH_YEAR < 2002,QUESTION,0
36,HLTHINS8,Health Insurance Coverage- Other,All persons born before 2002,Are you currently covered by any of the following types of healthinsurance or health coverage plans? Mark Yes or No for each. - Other,"<blank>,1,2",116,Type of health insurance or health coverage plan,TBIRTH_YEAR < 2002,QUESTION,0
37,DELAY,Delayed medical care in last 4 weeks due to pandemic,All persons born before 2002,"At any time in the last 4 weeks, did you DELAY getting medical care because of the coronavirus pandemic? Select only one answer.",1:02,117,Delayed medical care in last 4 weeks due to pandemic,TBIRTH_YEAR < 2002,QUESTION,0
38,NOTGET,Delayed medical care for something not related to pandemic,All persons born before 2002,"At any time in the last 4 weeks,did you need medical care for something other than coronavirus, but DIDNOT GET IT because of the coronavirus pandemic? Select only one answer.","1,2",118,Delayed medical care for something not related to pandemic in the last 4 weeks,TBIRTH_YEAR < 2002,QUESTION,0
38a,PRESCRIPT,Prescription mental health,All persons born before 2002,"At any time in the last 4 weeks, did you take prescription medication to help you with any emotions or with your concentration, behavior or mental health? Select only one answer.","1,2",119,Took prescription medication to help you with mental health in the last 4 weeks,TBIRTH_YEAR < 2002,QUESTION,0
38b,MH_SVCS,Mental health svcs,All persons born before 2002,"At any time in the last 4 weeks, did you receive counseling or therapy from a mental health professional such as a psychiatrist, psychologist, psychiatric nurse, or clinical social worker? Select only one answer.","1,2",120,Received counseling or therapy for mental health in the last 4 weeks,TBIRTH_YEAR < 2002,QUESTION,0
38c,MH_NOTGET,Mental health not get,All persons born before 2002,"At any time in the last 4 weeks, did you need counseling or therapy from a mental health professional, but DID NOT GET IT for any reason? Select only one answer.","1,2",121,"Needed counseling or therapy for mental health, but did not get it in the last 4 weeks",TBIRTH_YEAR < 2002,QUESTION,0
39,TENURE,Housing owned or rented,All persons born before 2002,Is your house or apartment…? Select only one answer.,1:04,122,Housing owned or rented,TBIRTH_YEAR < 2002,QUESTION,0
39a,LIVQTR,Building Type,All persons born before 2002,"Which best describes this building? Include all apartments, flats, etc., even if vacant. Select only one answer.",1:10,123,Building type,TBIRTH_YEAR < 2002,QUESTION,0
40a,TBEDROOMS,How many bedrooms in home,All persons born before 2002,"How many bedrooms are in your home Enter number of bedrooms (if none, enter zero).",0-25,124,Number of bedrooms in home,TBIRTH_YEAR < 2002,NUMERIC,0
40b,RENTCUR,Caught up on rent?,Ask Q40b if Q39 = 3,Is this household currently caught up on rent payments? Select only one answer.,"1,2",125,Whether household is currently caught up on rent payments,TBIRTH_YEAR < 2002 and TENURE = 3,QUESTION,0
40c,MORTCUR,Caught up on mortgage?,Ask Q39c if Q39 = 2,Is this household currently caught up on mortgage payments? Select only one answer.,"1,2",126,Whether household is currently caught up on mortgage payments,TBIRTH_YEAR < 2002 and TENURE = 2,QUESTION,0
41,MORTCONF,Confidence in ability to pay mortgage or rent next month,Ask Q41 if Q39 = 2:3,How confident are you that your household will be able to pay your next rent ormortgage payment on time? Select only oneanswer.,1:05,127,Confidence in ability of household to pay mortgage or rent next month,"TBIRTH_YEAR < 2002 and TENURE in (2,3)",QUESTION,0
41a,EVICT,Eviction in next two months?,Ask 41a if (Q39 = 3 and Q40b = 2),How likely is it that your household will have to leave this home or apartment within the next two months because of eviction? Select only one answer.,1:04,128,Likelihood to leave home or apartment within the next two months because of eviction,TBIRTH_YEAR < 2002 and TENURE = 3 and RENTCUR = 2,QUESTION,0
41b,FORCLOSE,Forclose in next two months?,Ask 41b if (Q39 = 2 and Q40c = 2),How likely is it that your household will have to leave this home within the next two months because of foreclosure? Select only one answer.,1:04,129,Likelihood to leave home or apartment within the next two months because of foreclosure,TBIRTH_YEAR < 2002 and TENURE = 2 and RENTCUR = 2,QUESTION,0
42,ENROLL1,"Children enrolled in school (in household)- Yes, enrolled in a public or private school",All persons born before 2002,"At any time during the 2020-2021 school year, were, or will, any children in this household enrolled in a public school, enrolled in a private school, or educated in a homeschool setting in Kindergarten through 12th grade or grade equivalent? Select all that apply.","<blank>,1",130,Children enrolled in Kindergarten through 12th grade at any time during the 2020-2021 school year,TBIRTH_YEAR < 2002,QUESTION,0
42,ENROLL2,"Children enrolled in school (in household)- Yes, homeschooled",All persons born before 2002,"At any time during the 2020-2021 school year, were, or will, any children in this household enrolled in a public school, enrolled in a private school, or educated in a homeschool setting in Kindergarten through 12th grade or grade equivalent? Select all that apply.","<blank>,1",131,Children enrolled in Kindergarten through 12th grade at any time during the 2020-2021 school year,TBIRTH_YEAR < 2002,QUESTION,0
42,ENROLL3,Children enrolled in school (in household)- No,All persons born before 2002,"At any time during the 2020-2021 school year, were, or will, any children in this household enrolled in a public school, enrolled in a private school, or educated in a homeschool setting in Kindergarten through 12th grade or grade equivalent? Select all that apply.","<blank>,1",132,Children enrolled in Kindergarten through 12th grade at any time during the 2020-2021 school year,TBIRTH_YEAR < 2002,QUESTION,0
43,TEACH1,Pandemic impact on education-Classes normally taught in person at the school were canceled,Ask Q43 if Q42 = 1,How has the coronavirus pandemic affected how the children in this household received education for the 2020 – 2021 school year? Select all that apply.,"<blank>,1",133,Pandemic impact on how the children in this household received education for the 2020-2021 school year,TBIRTH_YEAR < 2002 and ENROLL = 1,QUESTION,0
43,TEACH2,"Pandemic impact on education-Classes normally taught in person moved to a distance-learning format using online resources, either self-paced or in real time",Ask Q43 if Q42 = 1,How has the coronavirus pandemic affected how the children in this household received education for the 2020 – 2021 school year? Select all that apply.,"<blank>,1",134,Pandemic impact on how the children in this household received education for the 2020-2021 school year,TBIRTH_YEAR < 2002 and ENROLL = 1,QUESTION,0
43,TEACH3,Pandemic impact on education-Classes normally taught in person moved to a distance-learning format using paper materials sent home to children,Ask Q43 if Q42 = 1,How has the coronavirus pandemic affected how the children in this household received education for the 2020 – 2021 school year? Select all that apply.,"<blank>,1",135,Pandemic impact on how the children in this household received education for the 2020-2021 school year,TBIRTH_YEAR < 2002 and ENROLL = 1,QUESTION,0
43,TEACH4,Pandemic impact on education-Classes normally taught in person changed in some other way -- Please specify:,Ask Q43 if Q42 = 1,How has the coronavirus pandemic affected how the children in this household received education for the 2020 – 2021 school year? Select all that apply.,"<blank>,1",136,Pandemic impact on how the children in this household received education for the 2020-2021 school year,TBIRTH_YEAR < 2002 and ENROLL = 1,QUESTION,0
43,TEACH5,Pandemic impact on education-There was no change because schools did not close,Ask Q43 if Q42 = 1,How has the coronavirus pandemic affected how the children in this household received education for the 2020 – 2021 school year? Select all that apply.,"<blank>,1",137,Pandemic impact on how the children in this household received education for the 2020-2021 school year,TBIRTH_YEAR < 2002 and ENROLL = 1,QUESTION,0
44,COMPAVAIL,Computer availability for educational purposes,Ask Q44 if Q42 = 1,How often is a computer or other digital device available to children for educational purposes? Select only one answer.,1:05,138,Computer availability to children for educational purposes,TBIRTH_YEAR < 2002 and ENROLL = 1,QUESTION,0
45,COMP1,Provider of computer or digital device-Provided by the children’s school or school district to use outside of school,"Ask Q45 if Q44 in (1,2,3,4)",Is the computer or other digital device …? Select all that apply,"<blank>,1",139,Source of the children's computer or other digital device,"TBIRTH_YEAR < 2002 and ENROLL = 1 and COMPAVAIL = (1,2,3,4)",QUESTION,0
45,COMP2,"Provider of computer or digital device-Provided by someone in the household or family, or it is the child’s","Ask Q45 if Q44 in (1,2,3,4)",Is the computer or other digital device …? Select all that apply,"<blank>,1",140,Source of the children's computer or other digital device,"TBIRTH_YEAR < 2002 and ENROLL = 1 and COMPAVAIL = (1,2,3,4)",QUESTION,0
45,COMP3,Provider of computer or digital device-Provided by another source,"Ask Q45 if Q44 in (1,2,3,4)",Is the computer or other digital device …? Select all that apply,"<blank>,1",141,Source of the children's computer or other digital device,"TBIRTH_YEAR < 2002 and ENROLL = 1 and COMPAVAIL = (1,2,3,4)",QUESTION,0
46,INTRNTAVAIL,Internet availability for educational purposes,Ask Q46 if Q42 = 1,How often is the Internet available to children for educational purposes? Select only one answer.,1:05,142,Internet availability to children for educational purposes,TBIRTH_YEAR < 2002 and ENROLL = 1,QUESTION,0
47,INTRNT1,Internet services- Paid for by the children’s school or school district,"Ask Q47 if Q46 in (1,2,3,4)",Are Internet services …? Select all that apply.,"<blank>,1",143,Source of support for internet services,"TBIRTH_YEAR < 2002 and ENROLL = 1 and INTRNTAVAIL in (1,2,3,4)",QUESTION,0
47,INTRNT2,Internet services- Paid for by someone in the household or family,"Ask Q47 if Q46 in (1,2,3,4)",Are Internet services …? Select all that apply.,"<blank>,1",144,Source of support for internet services,"TBIRTH_YEAR < 2002 and ENROLL = 1 and INTRNTAVAIL in (1,2,3,4)",QUESTION,0
47,INTRNT3,Internet services-Paid for by another source,"Ask Q47 if Q46 in (1,2,3,4)",Are Internet services …? Select all that apply.,"<blank>,1",145,Source of support for internet services,"TBIRTH_YEAR < 2002 and ENROLL = 1 and INTRNTAVAIL in (1,2,3,4)",QUESTION,0
47a,SCHLHRS,Children's live virtual contact with teachers in last 7 days,Ask Q47a if Q42 = 1,"During the last 7 days, on how many days did the student(s) have live contact either by phone or video with their teachers? Select only one answer.",1:04,146,Number of days the student(s) had live virtual contact with their teachers in the last 7 days,TBIRTH_YEAR < 2002 and ENROLL = 1,QUESTION,0
48a,TSTDY_HRS,Children's hours studying on their own last 7 days,Ask Q48a if Q42 = 1,"During the last 7 days, about how many hours did the student(s) spend doing learning activities on their own? Do not include time spent with teachers or other household members. Enter the total number of hours for all students. If none, enter 0.",0-40,147,Number of hours the student(s) spent doing learning activities on their own in the last 7 days,TBIRTH_YEAR < 2002 and ENROLL = 1,NUMERIC,0
48b,TCH_HRS,Hours spent on all teaching activities with chidlren in last 7 days,Ask Q48b if Q42 = 1,"During the last 7 days, about how much time did the student(s) typically spend on all learning activities relative to a school day before the coronavirus pandemic? Select only one answer.",1:05,148,Time spent on all teaching activities with children in the last 7 days relative to a school day before the coronavirus pandemic,TBIRTH_YEAR < 2002 and ENROLL = 1,QUESTION,0
QPS1,TNUM_PS,Number planning to take post-secondary classes,All persons born before 2002,"Before the coronavirus pandemic, how many members of your household, including yourself, were planning to take classes this fall from a college, university, community college, trade school, or other occupational school (such as a cosmetology school or a school of culinary arts)? Please enter a number. If none, enter 0.",0-40,149,Number of members of your household planning to take post-secondayr classes this fall before the pandemic,TBIRTH_YEAR < 2002,NUMERIC,0
QPS2,PSPLANS1,Type of post-sec program household members planning take,Ask QPS2 if QPS1 > 0,"Thinking of all the members of your household who were planning to take classes from a college, university, community college, trade school, or other occupational school this fall, what type of program(s) are the classes a part of? Select all that apply.","<blank>,1",150,Type of post-sec program household members planning take,TBIRTH_YEAR < 2002 and TNUM_PS > 0,QUESTION,0
QPS2,PSPLANS2,Type of post-sec program household members planning take,Ask QPS2 if QPS1 > 0,"Thinking of all the members of your household who were planning to take classes from a college, university, community college, trade school, or other occupational school this fall, what type of program(s) are the classes a part of? Select all that apply.","<blank>,1",151,Type of post-sec program household members planning take,TBIRTH_YEAR < 2002 and TNUM_PS > 0,QUESTION,0
QPS2,PSPLANS3,Type of post-sec program household members planning take,Ask QPS2 if QPS1 > 0,"Thinking of all the members of your household who were planning to take classes from a college, university, community college, trade school, or other occupational school this fall, what type of program(s) are the classes a part of? Select all that apply.","<blank>,1",152,Type of post-sec program household members planning take,TBIRTH_YEAR < 2002 and TNUM_PS > 0,QUESTION,0
QPS2,PSPLANS4,Type of post-sec program household members planning take,Ask QPS2 if QPS1 > 0,"Thinking of all the members of your household who were planning to take classes from a college, university, community college, trade school, or other occupational school this fall, what type of program(s) are the classes a part of? Select all that apply.","<blank>,1",153,Type of post-sec program household members planning take,TBIRTH_YEAR < 2002 and TNUM_PS > 0,QUESTION,0
QPS2,PSPLANS5,Type of post-sec program household members planning take,Ask QPS2 if QPS1 > 0,"Thinking of all the members of your household who were planning to take classes from a college, university, community college, trade school, or other occupational school this fall, what type of program(s) are the classes a part of? Select all that apply.","<blank>,1",154,Type of post-sec program household members planning take,TBIRTH_YEAR < 2002 and TNUM_PS > 0,QUESTION,0
QPS2,PSPLANS6,Type of post-sec program household members planning take,Ask QPS2 if QPS1 > 0,"Thinking of all the members of your household who were planning to take classes from a college, university, community college, trade school, or other occupational school this fall, what type of program(s) are the classes a part of? Select all that apply.","<blank>,1",155,Type of post-sec program household members planning take,TBIRTH_YEAR < 2002 and TNUM_PS > 0,QUESTION,0
QPS3,PSCHNG1,Changes to post-sec education plans,Ask QPS3 if QPS1 > 0,"Thinking of all the members of your household who were planning to take classes from a college, university, community college, trade school, or other occupational school this fall, has the coronavirus pandemic resulted in any of the changes listed below? Select all that apply.","<blank>,1",156,Type of post-sec program household members planning take,TBIRTH_YEAR < 2002 and TNUM_PS > 0,QUESTION,0
QPS3,PSCHNG2,Changes to post-sec education plans,Ask QPS3 if QPS1 > 0,"Thinking of all the members of your household who were planning to take classes from a college, university, community college, trade school, or other occupational school this fall, has the coronavirus pandemic resulted in any of the changes listed below? Select all that apply.","<blank>,1",157,Type of post-sec program household members planning take,TBIRTH_YEAR < 2002 and TNUM_PS > 0,QUESTION,0
QPS3,PSCHNG3,Changes to post-sec education plans,Ask QPS3 if QPS1 > 0,"Thinking of all the members of your household who were planning to take classes from a college, university, community college, trade school, or other occupational school this fall, has the coronavirus pandemic resulted in any of the changes listed below? Select all that apply.","<blank>,1",158,Type of post-sec program household members planning take,TBIRTH_YEAR < 2002 and TNUM_PS > 0,QUESTION,0
QPS3,PSCHNG4,Changes to post-sec education plans,Ask QPS3 if QPS1 > 0,"Thinking of all the members of your household who were planning to take classes from a college, university, community college, trade school, or other occupational school this fall, has the coronavirus pandemic resulted in any of the changes listed below? Select all that apply.","<blank>,1",159,Type of post-sec program household members planning take,TBIRTH_YEAR < 2002 and TNUM_PS > 0,QUESTION,0
QPS3,PSCHNG5,Changes to post-sec education plans,Ask QPS3 if QPS1 > 0,"Thinking of all the members of your household who were planning to take classes from a college, university, community college, trade school, or other occupational school this fall, has the coronavirus pandemic resulted in any of the changes listed below? Select all that apply.","<blank>,1",160,Type of post-sec program household members planning take,TBIRTH_YEAR < 2002 and TNUM_PS > 0,QUESTION,0
QPS3,PSCHNG6,Changes to post-sec education plans,Ask QPS3 if QPS1 > 0,"Thinking of all the members of your household who were planning to take classes from a college, university, community college, trade school, or other occupational school this fall, has the coronavirus pandemic resulted in any of the changes listed below? Select all that apply.","<blank>,1",161,Type of post-sec program household members planning take,TBIRTH_YEAR < 2002 and TNUM_PS > 0,QUESTION,0
QPS3,PSCHNG7,Changes to post-sec education plans,Ask QPS3 if QPS1 > 0,"Thinking of all the members of your household who were planning to take classes from a college, university, community college, trade school, or other occupational school this fall, has the coronavirus pandemic resulted in any of the changes listed below? Select all that apply.","<blank>,1",162,Type of post-sec program household members planning take,TBIRTH_YEAR < 2002 and TNUM_PS > 0,QUESTION,0
QPS4,PSWHYCHG1,Why did post-sec educ plans change?,"Ask QPS4 if QPS1 > 0 and at least one of QPS3_2, QPS3_3, QPS3_4, QPS3_5, or QPS3_6, or QPS3_7 = 1",Why did household members’ plans to take classes this fall change? Select all that apply.,"<blank>,1",163,Reason household members’ plans to take classes changed this fall,TBIRTH_YEAR < 2002 and TNUM_PS > 0 and PSCHNG1 != 1,QUESTION,0
QPS4,PSWHYCHG2,Why did post-sec educ plans change?,"Ask QPS4 if QPS1 > 0 and at least one of QPS3_2, QPS3_3, QPS3_4, QPS3_5, or QPS3_6, or QPS3_7 = 1",Why did household members’ plans to take classes this fall change? Select all that apply.,"<blank>,1",164,Reason household members’ plans to take classes changed this fall,TBIRTH_YEAR < 2002 and TNUM_PS > 0 and PSCHNG1 != 1,QUESTION,0
QPS4,PSWHYCHG3,Why did post-sec educ plans change?,"Ask QPS4 if QPS1 > 0 and at least one of QPS3_2, QPS3_3, QPS3_4, QPS3_5, or QPS3_6, or QPS3_7 = 1",Why did household members’ plans to take classes this fall change? Select all that apply.,"<blank>,1",165,Reason household members’ plans to take classes changed this fall,TBIRTH_YEAR < 2002 and TNUM_PS > 0 and PSCHNG1 != 1,QUESTION,0
QPS4,PSWHYCHG4,Why did post-sec educ plans change?,"Ask QPS4 if QPS1 > 0 and at least one of QPS3_2, QPS3_3, QPS3_4, QPS3_5, or QPS3_6, or QPS3_7 = 1",Why did household members’ plans to take classes this fall change? Select all that apply.,"<blank>,1",166,Reason household members’ plans to take classes changed this fall,TBIRTH_YEAR < 2002 and TNUM_PS > 0 and PSCHNG1 != 1,QUESTION,0
QPS4,PSWHYCHG5,Why did post-sec educ plans change?,"Ask QPS4 if QPS1 > 0 and at least one of QPS3_2, QPS3_3, QPS3_4, QPS3_5, or QPS3_6, or QPS3_7 = 1",Why did household members’ plans to take classes this fall change? Select all that apply.,"<blank>,1",167,Reason household members’ plans to take classes changed this fall,TBIRTH_YEAR < 2002 and TNUM_PS > 0 and PSCHNG1 != 1,QUESTION,0
QPS4,PSWHYCHG6,Why did post-sec educ plans change?,"Ask QPS4 if QPS1 > 0 and at least one of QPS3_2, QPS3_3, QPS3_4, QPS3_5, or QPS3_6, or QPS3_7 = 1",Why did household members’ plans to take classes this fall change? Select all that apply.,"<blank>,1",168,Reason household members’ plans to take classes changed this fall,TBIRTH_YEAR < 2002 and TNUM_PS > 0 and PSCHNG1 != 1,QUESTION,0
QPS4,PSWHYCHG7,Why did post-sec educ plans change?,"Ask QPS4 if QPS1 > 0 and at least one of QPS3_2, QPS3_3, QPS3_4, QPS3_5, or QPS3_6, or QPS3_7 = 1",Why did household members’ plans to take classes this fall change? Select all that apply.,"<blank>,1",169,Reason household members’ plans to take classes changed this fall,TBIRTH_YEAR < 2002 and TNUM_PS > 0 and PSCHNG1 != 1,QUESTION,0
QPS4,PSWHYCHG8,Why did post-sec educ plans change?,"Ask QPS4 if QPS1 > 0 and at least one of QPS3_2, QPS3_3, QPS3_4, QPS3_5, or QPS3_6, or QPS3_7 = 1",Why did household members’ plans to take classes this fall change? Select all that apply.,"<blank>,1",170,Reason household members’ plans to take classes changed this fall,TBIRTH_YEAR < 2002 and TNUM_PS > 0 and PSCHNG1 != 1,QUESTION,0
QPS4,PSWHYCHG9,Why did post-sec educ plans change?,"Ask QPS4 if QPS1 > 0 and at least one of QPS3_2, QPS3_3, QPS3_4, QPS3_5, or QPS3_6, or QPS3_7 = 1",Why did household members’ plans to take classes this fall change? Select all that apply.,"<blank>,1",171,Reason household members’ plans to take classes changed this fall,TBIRTH_YEAR < 2002 and TNUM_PS > 0 and PSCHNG1 != 1,QUESTION,0
50,INCOME,Total household income (before taxes),All persons born before 2002,In 2019 what was your total household income before taxes? Selectonly one answer.,1:08,172,Total household income before taxes in 2019,TBIRTH_YEAR < 2002,QUESTION,1
-,ABIRTH_YEAR,Year of birth allocation flag,All persons,-,"1,2",173,Year of birth allocation flag,All Persons,FLAG,0
-,AGENDER,Gender allocation flag,All persons,-,"1,2",174,Gender allocation flag,All Persons,FLAG,0
-,AHISPANIC,Hispanic origin allocation flag,All persons,-,"1,2",175,Hispanic origin allocation flag,All Persons,FLAG,0
-,ARACE,Race allocation flag,All persons,-,"1,2",176,Race allocation flag,All Persons,FLAG,0
-,AEDUC,Educational attainment allocation flag,All persons,-,"1,2",177,Educational attainment allocation flag,All Persons,FLAG,0
-,AHHLD_NUMPER,Household size allocation flag,All persons,-,"1,2",178,Household size allocation flag,All Persons,FLAG,0
-,AHHLD_NUMKID,Number of children allocation flag,All persons,-,"1,2",179,Number of children allocation flag,All Persons,FLAG,0
-,EST_ST,State,0,-,Jan-56,180,State,All Persons,GEOCODE,1
-,EST_MSA,Metropolitan statistical area,0,-,Varying,181,Metropolitan statistical area,All Persons,GEOCODE,1
-,PWEIGHT,Person level weight,0,-,Varying,182,Person level weight,All Persons,WEIGHT,0
-,HWEIGHT,Household level weight,0,-,Varying,183,Household level weight,All Persons,WEIGHT,0
-,PRIVHLTH,Recode of Q36 Health Insurance,All Persons,Recode of Q36 Health Insurance Variables,"1,2,3",184,Private health insurance,All Persons,QUESTION,0
-,PUBHLTH,Recode of Q36 Health Insurance,All Persons,Recode of Q36 Health Insurance Variables,"1,2,3",185,Public health insurance,All Persons,QUESTION,0
-,REGION,Recode of EST_ST for Census Region,All Persons,Recode of EST_ST for Census Region,"1,2,3,4",186,Census Region,All Persons,QUESTION,1
-,SCRAM,Record identifier,All persons,-,Varying,187,Record identifier,All Persons,ID,0
-,WEEK,Week of interview,All persons,-,21,188,Week of interview,All Persons,TIME,1